{
  "training_duration": "05:53:32",
  "training_start_epoch": 0,
  "training_epochs": 16,
  "training_start_acc": 0.8198267103505747,
  "training_end_acc": 0.8693934862270117,
  "training_span_acc": 0.747736846311031,
  "training_em": 0.7997237411385975,
  "training_f1": 0.9037343226686851,
  "training_loss": 0.9273168023046293,
  "validation_start_acc": 0.6169347209082309,
  "validation_end_acc": 0.65600756859035,
  "validation_span_acc": 0.5295175023651845,
  "validation_em": 0.6647114474929045,
  "validation_f1": 0.7641914077065731,
  "validation_loss": 3.378839425320895,
  "best_validation_start_acc": 0.6365184484389782,
  "best_validation_end_acc": 0.6698202459791863,
  "best_validation_span_acc": 0.5474929044465469,
  "best_validation_em": 0.6757805108798486,
  "best_validation_f1": 0.7692654263317935,
  "best_validation_loss": 2.5345707839390017,
  "best_epoch": 6
}